0,0,0,1,0,0,0,0,0,34,148,202,107,84,162,198,90,26,0,0,0,0,0,0,0,0,0,0,0,0,0,0,0,0,21,107,166,168,152,204,238,248,237,190,142,178,158,98,17,0,0,0,0,0,0,0,0,0,0,1,0,55,188,140,131,121,119,116,146,157,132,115,136,125,140,143,181,51,0,0,0,0,0,0,0,0,0,0,0,167,134,113,130,134,140,132,125,125,131,135,130,133,131,115,135,163,6,0,0,0,0,0,0,0,0,0,58,148,133,124,134,128,135,128,133,130,133,137,138,130,124,130,133,147,82,0,1,0,0,0,0,0,0,0,86,148,158,139,124,120,131,134,132,134,124,134,132,137,126,137,136,146,114,0,0,0,0,0,0,0,0,0,112,141,174,143,117,134,130,128,131,136,134,128,128,131,106,187,149,147,143,0,0,0,0,0,0,0,0,0,134,151,167,154,114,134,138,139,135,135,130,130,124,129,119,229,141,145,164,0,0,0,0,0,0,0,0,0,136,154,169,157,109,147,140,137,137,136,142,141,139,129,123,201,146,138,172,21,0,0,0,0,0,0,0,0,145,158,171,175,111,136,145,136,135,138,137,143,146,140,122,184,167,136,170,58,0,0,0,0,0,0,0,0,151,155,189,183,120,135,132,136,135,133,128,130,134,120,153,230,156,135,167,83,0,0,0,0,0,0,0,1,166,151,208,175,116,142,144,138,149,133,131,137,140,119,126,206,198,141,166,101,0,0,0,0,0,0,0,6,169,146,237,187,104,131,136,149,147,137,137,137,132,137,113,166,206,151,162,126,0,0,0,0,0,0,0,20,180,136,231,214,105,134,140,139,136,137,136,148,134,149,111,139,255,151,158,147,0,0,0,0,0,0,0,33,184,109,217,182,105,124,143,131,135,137,139,138,131,142,132,99,249,162,157,172,0,0,0,0,0,0,0,35,180,112,233,143,109,133,145,146,142,142,139,141,135,141,152,101,205,163,154,170,0,0,0,0,0,0,0,42,183,123,217,117,126,137,140,134,137,135,143,141,133,133,149,107,166,176,153,169,14,0,0,0,0,0,0,48,175,147,210,101,119,136,142,137,142,139,147,142,146,126,138,102,131,197,161,183,32,0,0,0,0,0,0,56,165,163,213,74,126,138,149,133,133,132,141,134,142,132,132,126,117,193,162,172,39,0,0,0,0,0,0,62,157,165,227,39,135,138,136,142,146,143,136,138,134,141,134,116,78,197,171,156,44,0,0,0,0,0,0,65,162,169,245,39,140,133,133,128,132,134,143,145,134,133,134,128,36,208,172,151,55,0,0,0,0,0,0,72,147,168,244,25,142,137,138,133,128,132,147,145,135,136,133,131,26,207,173,149,67,0,0,0,0,0,0,68,153,179,250,11,135,134,139,133,136,140,140,143,145,140,131,126,32,207,175,136,73,0,0,0,0,0,0,61,155,180,252,23,151,132,131,133,133,129,135,140,132,139,132,139,38,221,174,135,77,0,0,0,0,0,0,18,147,187,185,3,173,153,151,150,153,150,150,153,148,151,146,161,4,184,175,136,37,0,0,0,0,0,0,0,150,204,76,0,213,165,167,170,172,171,169,170,172,167,160,202,0,107,196,152,0,0,0,0,0,0,0,0,123,162,41,2,153,124,133,136,141,135,132,134,139,144,141,132,0,67,153,142,0,0,0,0,0,0,0,0,0,0,0,0,0,0,0,0,0,0,0,0,0,0,0,0,0,0,0,0,0,0,0,0
0,0,0,0,0,0,0,0,0,37,144,200,160,128,115,141,176,159,21,0,0,0,0,0,0,0,0,0,0,0,0,0,0,0,77,144,198,217,188,216,233,230,210,254,220,186,204,188,143,74,0,0,0,0,0,0,0,0,0,0,0,153,209,188,185,178,188,157,168,152,133,163,159,172,180,182,182,198,129,0,0,0,0,0,0,0,0,0,44,199,176,177,179,184,179,185,173,178,185,176,176,179,184,177,173,171,180,28,0,0,0,0,0,0,0,0,149,191,176,186,186,180,179,180,177,171,173,177,172,183,171,177,176,179,179,117,0,0,0,0,0,0,0,0,196,179,183,185,183,180,177,170,172,172,179,184,166,182,178,178,186,182,180,179,0,0,0,0,0,0,0,27,213,170,190,185,179,177,170,175,170,170,172,182,166,216,200,170,180,177,170,196,10,0,0,0,0,0,0,72,216,172,186,179,180,177,176,170,173,173,166,172,164,171,177,165,182,183,175,193,56,0,0,0,0,0,0,92,210,164,191,177,183,172,178,169,177,168,170,172,166,177,177,168,184,186,184,199,74,0,0,0,0,0,0,115,209,166,198,185,183,182,166,169,183,170,170,170,164,172,171,165,184,200,173,190,91,0,0,0,0,0,0,110,204,168,203,180,189,189,172,171,175,168,172,173,172,166,165,173,178,211,179,203,104,0,0,0,0,0,0,109,203,176,171,176,196,180,169,170,164,173,172,170,173,162,172,175,162,189,190,198,99,0,0,0,0,0,0,112,203,185,146,168,198,184,172,178,179,172,166,162,172,163,169,183,152,168,195,199,97,0,0,0,0,0,0,112,203,192,131,169,206,178,176,170,168,169,172,164,170,163,172,195,148,158,195,207,98,0,0,0,0,0,0,112,203,197,130,169,206,177,186,173,173,171,170,180,168,165,162,192,152,156,191,199,99,0,0,0,0,0,0,112,203,198,119,169,212,168,173,173,168,173,163,184,168,168,162,190,155,144,195,213,104,0,0,0,0,0,0,112,204,202,111,180,206,166,193,183,177,178,169,164,168,173,166,183,149,137,200,207,101,0,0,0,0,0,0,111,204,206,103,188,200,182,184,177,182,175,158,168,169,168,164,190,146,119,203,202,98,0,0,0,0,0,0,113,207,212,99,185,196,180,175,176,180,175,166,172,166,169,158,195,135,116,202,188,98,0,0,0,0,0,0,109,204,204,99,191,195,182,183,173,180,176,172,176,164,175,163,193,125,119,202,195,103,0,0,0,0,0,0,112,206,200,95,186,191,177,172,179,179,173,166,171,168,172,170,198,135,115,197,191,103,0,0,0,0,0,0,110,207,206,97,171,188,176,170,177,180,175,163,166,168,169,164,188,131,105,205,191,99,0,0,0,0,0,0,109,192,203,95,177,199,173,177,188,179,171,163,166,164,192,165,178,151,126,202,186,94,0,0,0,0,0,0,110,195,205,89,166,198,177,175,176,183,175,165,170,163,186,171,180,156,135,196,186,98,0,0,0,0,0,0,108,190,190,85,148,186,176,172,177,179,168,164,166,164,164,165,180,108,105,203,180,101,0,0,0,0,0,0,99,186,190,69,173,200,188,184,185,185,177,173,175,173,170,175,188,145,98,198,182,83,0,0,0,0,0,0,77,189,192,64,166,190,158,171,165,164,163,155,156,160,151,151,172,110,97,209,195,72,0,0,0,0,0,0,41,150,150,38,0,0,0,0,0,0,0,0,0,0,0,0,0,0,57,160,149,44,0,0,0
0,0,0,0,0,0,0,0,0,0,76,222,189,139,150,221,200,0,0,0,0,0,0,0,0,0,0,0,0,0,0,0,0,0,0,0,128,161,196,249,236,221,234,246,238,250,117,36,0,0,0,0,0,0,0,0,0,0,0,0,0,0,102,187,200,108,163,243,235,141,168,248,209,205,161,178,168,30,0,1,0,0,0,0,0,0,0,2,0,66,206,193,120,115,117,139,255,255,255,229,141,187,157,138,175,181,28,0,4,0,0,0,0,0,0,1,0,100,165,197,131,163,73,3,104,194,86,35,95,151,143,180,160,202,103,0,1,0,0,0,0,0,0,0,0,162,152,204,124,140,142,152,185,135,28,119,222,156,90,124,188,169,153,0,0,0,0,0,0,0,0,0,0,205,148,188,171,101,176,201,221,192,183,204,208,220,167,115,213,150,177,0,0,0,0,0,0,0,0,0,44,219,188,186,185,199,205,194,178,127,196,188,197,142,179,151,129,159,160,14,0,0,0,0,0,0,0,0,105,193,161,123,142,173,202,190,165,100,212,203,42,84,122,104,107,181,190,50,0,0,0,0,0,0,0,0,71,137,120,215,191,179,207,213,58,155,207,143,150,183,113,180,211,175,180,70,0,0,0,0,0,0,0,0,140,193,97,236,230,162,93,186,166,110,242,89,107,130,67,223,227,184,186,53,0,0,0,0,0,0,0,0,132,163,105,150,224,149,80,147,183,123,135,211,117,154,104,217,242,207,195,87,0,0,0,0,0,0,0,0,189,153,170,144,214,186,89,173,202,130,139,179,154,191,154,207,250,214,196,203,0,0,0,0,0,0,0,2,232,144,155,207,171,235,197,191,215,168,150,223,148,139,133,194,253,204,210,223,4,0,0,0,0,0,0,46,193,147,202,237,132,142,212,190,226,188,186,212,213,142,169,215,220,192,199,208,46,0,0,0,0,0,0,90,172,191,240,227,139,128,123,182,120,159,170,235,220,107,121,225,75,239,192,186,84,0,0,0,0,0,0,77,151,110,239,215,174,188,54,131,35,192,167,44,105,200,96,178,84,218,217,171,97,0,0,0,0,0,0,99,235,127,226,206,162,136,157,148,167,159,140,100,176,248,174,179,132,195,184,214,109,0,0,0,0,0,0,92,254,179,242,189,107,114,181,130,143,146,138,144,121,180,183,163,169,247,204,217,139,0,0,0,0,0,0,89,226,204,191,213,123,95,182,181,162,176,177,159,137,206,205,187,112,229,224,222,121,0,0,0,0,0,0,105,253,211,158,164,203,106,138,156,164,173,154,174,153,207,200,193,115,175,228,235,100,0,0,0,0,0,0,117,226,209,211,167,249,225,171,152,196,204,140,169,170,203,208,228,121,160,230,181,122,0,0,0,0,0,0,154,222,222,199,96,95,184,206,158,188,205,157,175,202,195,178,192,179,203,227,177,145,0,0,0,0,0,0,140,196,203,221,213,179,227,172,186,177,160,159,178,197,196,202,211,197,216,213,200,194,0,0,0,0,0,0,136,212,205,118,33,67,46,19,127,169,167,190,192,61,28,49,51,0,87,215,177,146,0,0,0,0,0,0,197,216,211,87,16,106,100,82,100,133,126,116,104,108,90,97,114,24,38,226,187,174,0,0,0,0,0,0,52,151,176,33,0,0,0,0,0,0,0,0,0,0,0,0,0,0,3,161,86,38,0,0,0,0,0,0,55,84,109,0,0,0,0,0,0,0,0,0,0,0,0,0,0,0,0,99,102,44,0,0,0
0,0,0,0,0,0,0,0,1,0,0,37,192,177,171,199,27,0,0,0,1,3,0,0,0,0,0,0,0,0,0,0,0,0,9,0,0,0,0,135,230,162,155,253,164,14,0,0,0,0,3,0,0,0,0,0,0,0,0,0,1,0,0,0,64,152,232,207,195,155,157,201,227,224,221,172,94,4,0,0,0,0,0,0,0,0,0,0,0,0,112,179,205,199,192,197,216,194,192,220,210,192,191,203,207,208,62,0,1,0,0,0,0,0,0,0,0,75,208,186,178,185,172,197,213,195,200,208,199,188,187,181,180,204,192,0,0,0,0,0,0,0,0,0,0,180,190,179,185,182,184,178,166,193,185,167,187,186,184,184,192,192,223,28,0,0,0,0,0,0,0,0,0,205,190,182,182,185,182,185,181,182,180,180,185,186,182,184,201,195,219,72,0,0,0,0,0,0,0,0,0,210,186,194,181,181,182,178,180,184,182,177,179,185,184,194,211,188,218,95,0,0,0,0,0,0,0,0,0,217,179,193,193,175,175,174,178,182,184,174,177,177,186,206,208,185,219,106,0,0,0,0,0,0,0,0,14,217,175,186,206,184,173,174,177,179,180,173,174,172,194,210,203,186,214,119,0,0,0,0,0,0,0,0,35,220,170,194,213,186,181,174,177,175,181,177,178,179,199,213,217,178,214,129,0,0,0,0,0,0,0,0,49,220,171,191,198,198,179,177,175,173,178,175,175,182,192,210,186,180,208,149,0,0,0,0,0,0,0,0,70,220,173,174,103,225,175,179,175,174,180,177,179,179,204,195,112,207,198,185,0,0,0,0,0,0,0,0,77,214,179,187,41,240,179,179,177,174,180,178,180,180,216,174,61,229,194,205,0,0,0,0,0,0,0,0,94,190,184,197,0,224,186,179,177,175,179,179,184,177,223,153,33,238,188,188,0,0,0,0,0,0,0,0,110,186,194,181,0,217,192,179,179,177,178,177,184,178,229,145,0,240,186,197,0,0,0,0,0,0,0,0,114,184,197,165,0,208,198,178,180,181,184,178,184,178,226,157,0,244,184,201,4,0,0,0,0,0,0,0,103,182,195,135,0,201,192,177,180,181,187,179,184,177,221,173,0,226,186,204,30,0,0,0,0,0,0,0,95,182,194,88,0,208,191,177,180,180,181,177,182,182,208,197,0,193,193,206,48,0,0,0,0,0,0,0,93,182,198,35,0,224,188,180,180,179,184,180,184,186,192,218,0,155,197,205,62,0,0,0,0,0,0,0,87,182,195,1,0,232,184,181,180,179,184,179,180,182,186,239,0,108,198,205,74,0,0,0,0,0,0,0,80,184,224,0,0,238,180,180,180,180,181,178,180,185,184,252,0,33,201,205,83,0,0,0,0,0,0,0,75,185,223,0,3,239,179,179,180,181,185,181,182,187,182,255,16,0,237,205,90,0,0,0,0,0,0,0,67,188,204,0,14,234,179,179,179,180,187,181,179,178,181,249,46,0,225,210,94,0,0,0,0,0,0,0,66,190,160,0,5,231,180,180,178,177,180,179,181,180,180,211,50,0,175,204,114,0,0,0,0,0,0,0,103,211,167,0,0,190,181,177,173,173,173,172,174,177,179,211,23,0,166,220,129,0,0,0,0,0,0,0,62,151,142,0,0,179,194,188,219,214,208,208,210,188,201,165,0,0,121,146,89,0,0,0,0,0,0,0,0,0,0,0,0,0,30,55,81,96,90,100,89,76,41,0,0,0,0,0,0,0,0,0
0,0,0,0,1,0,0,0,0,22,88,188,172,132,125,141,199,143,9,0,0,0,1,0,0,0,0,0,0,0,0,1,0,0,20,131,199,206,196,202,242,255,255,250,222,197,206,188,126,17,0,0,0,0,0,0,0,0,0,1,0,35,214,191,183,178,175,168,150,162,159,152,158,179,183,189,195,185,82,0,0,0,0,0,0,0,0,0,0,170,190,172,177,176,171,169,162,155,148,154,169,174,175,175,177,183,188,12,0,0,0,0,0,0,0,0,25,194,180,178,174,184,187,189,187,184,181,189,200,197,193,190,178,175,194,90,0,0,0,0,0,0,0,0,42,218,191,197,208,204,211,209,210,212,211,214,215,213,214,211,211,191,200,158,0,0,0,0,0,0,0,0,88,221,215,217,219,211,185,150,118,107,99,88,83,90,135,212,203,207,219,169,0,0,0,0,0,0,0,0,0,27,118,162,40,0,0,0,10,19,28,39,47,36,0,0,203,230,220,203,0,0,0,0,0,0,0,0,138,136,71,69,54,216,217,203,184,168,163,162,163,178,221,186,38,26,7,0,0,0,0,0,0,0,0,0,67,134,154,224,129,66,81,117,129,128,132,137,131,129,86,73,157,151,134,216,18,0,0,0,0,0,0,0,203,198,172,183,206,255,255,250,243,240,239,235,238,244,255,238,184,160,86,98,0,0,0,0,0,0,0,0,122,188,224,151,105,127,97,100,105,114,117,117,113,103,98,111,142,254,191,255,49,0,0,0,0,0,0,0,163,179,200,95,154,198,197,200,200,198,197,198,199,202,200,176,86,206,157,162,10,0,0,0,0,0,0,0,197,201,229,71,144,194,181,183,179,182,180,179,180,190,185,197,76,219,185,201,34,0,0,0,0,0,0,0,199,193,226,58,154,192,184,187,184,186,184,185,183,192,191,200,56,219,203,207,60,0,0,0,0,0,0,0,201,194,224,41,163,190,186,186,184,185,183,185,178,190,194,202,33,211,200,206,73,0,0,0,0,0,0,0,201,197,222,17,172,190,186,187,182,186,185,187,180,187,193,202,26,212,202,203,76,0,0,0,0,0,0,0,200,197,223,0,177,189,184,185,178,184,183,184,180,183,189,203,35,196,203,203,84,0,0,0,0,0,0,0,200,197,223,0,185,187,185,187,180,184,182,183,178,182,183,205,44,159,207,201,85,0,0,0,0,0,0,0,187,198,225,0,194,188,184,185,180,183,183,184,181,181,177,206,46,129,211,200,88,0,0,0,0,0,0,6,186,200,211,0,199,189,184,184,185,182,183,184,185,182,175,205,50,97,216,197,93,0,0,0,0,0,0,5,185,204,184,0,202,188,182,182,183,183,184,182,180,182,174,202,63,59,220,196,94,0,0,0,0,0,0,5,184,206,157,0,204,187,187,189,192,190,190,191,190,187,183,202,78,35,222,197,95,0,0,0,0,0,0,5,183,208,127,0,197,166,153,149,149,146,148,149,150,151,158,191,90,8,223,195,99,0,0,0,0,0,0,6,184,208,114,0,204,173,161,180,176,172,173,173,174,176,162,202,115,0,229,199,105,0,0,0,0,0,0,9,178,204,115,0,121,135,114,117,114,114,117,118,119,117,113,147,63,0,225,196,107,0,0,0,0,0,0,18,180,206,131,0,0,0,0,0,0,0,0,0,0,0,0,0,0,0,224,197,123,0,0,0,0,0,0,0,141,151,76,0,1,1,0,0,0,0,0,0,0,0,0,0,0,0,133,167,73,0,0,0

0,0,0,0,0,0,0,0,0,0,0,0,0,0,0,0,0,0,0,0,0,0,0,0,0,0,0,0,0,0,0,0,0,0,0,0,0,0,0,0,0,0,0,0,0,0,0,0,0,0,0,0,0,0,0,0,0,0,0,0,0,0,0,0,0,0,0,0,0,0,0,0,0,0,0,0,0,0,0,0,0,0,0,0,0,0,0,0,0,0,0,0,0,0,0,0,0,0,0,0,0,0,0,0,0,0,0,0,0,0,0,0,0,0,0,0,0,0,0,0,0,0,0,0,0,0,0,0,0,0,0,0,0,0,0,0,0,0,0,0,0,0,0,0,0,0,0,0,0,0,0,0,0,0,0,0,0,0,0,0,0,0,0,0,0,0,0,0,0,0,0,0,0,0,0,0,0,0,0,0,0,0,0,0,0,0,0,0,0,0,0,0,0,0,0,0,0,0,0,0,0,0,0,0,0,0,0,0,0,0,0,0,0,0,0,0,0,0,0,0,0,0,0,0,0,0,0,0,0,0,0,0,0,5,0,0,0,1,1,0,0,0,5,1,1,0,6,0,5,0,0,0,0,0,0,0,0,0,0,0,0,1,2,1,1,2,0,0,100,9,0,0,0,0,0,3,100,14,0,0,0,0,0,0,0,0,0,0,0,0,0,0,0,0,3,33,173,191,67,0,0,0,0,106,74,28,0,0,0,0,0,0,0,0,1,0,0,0,0,0,15,101,167,210,171,179,184,144,105,71,107,70,0,96,40,0,0,2,1,1,5,0,0,0,0,61,65,94,167,205,152,139,120,117,175,212,217,213,208,208,187,217,115,0,2,0,0,0,0,7,85,0,33,141,217,218,180,109,143,160,170,134,126,131,131,143,201,204,195,199,141,0,0,0,39,75,115,174,253,118,187,192,126,113,115,162,179,179,169,165,157,150,166,215,209,210,199,199,191,0,20,163,178,187,192,162,167,206,193,174,136,122,128,136,189,188,200,188,158,174,208,183,187,195,187,187,193,0,93,178,162,167,163,169,167,173,186,178,187,179,163,143,188,199,202,206,195,245,255,248,245,243,217,227,208,0,91,210,183,226,222,200,209,197,204,214,197,222,248,248,228,215,218,189,161,158,137,134,135,134,123,117,61,0,2,100,15,24,49,85,98,113,113,120,105,96,68,28,0,0,0,0,0,0,0,0,0,0,0,0,0,35,0,24,204,182,148,98,89,61,68,66,89,97,92,93,100,110,104,128,127,140,128,137,137,132,144,143,196,59,0,0,0,27,88,98,132,124,157,119,157,152,110,130,134,149,124,145,128,144,136,150,113,111,105,85,68,0,0,0,0,0,0,0,0,0,0,0,0,0,0,0,0,0,0,0,0,0,0,0,0,0,0,0,0,0,0,0,0,0,0,0,0,0,0,0,0,0,0,0,0,0,0,0,0,0,0,0,0,0,0,0,0,0,0,0,0,0,0,0,0,0,0,0,0,0,0,0,0,0,0,0,0,0,0,0,0,0,0,0,0,0,0,0,0,0,0,0,0,0,0,0,0,0,0,0,0,0,0,0,0,0,0,0,0,0,0,0,0,0,0,0,0,0,0,0,0,0,0,0,0,0,0,0,0,0,0,0,0,0,0,0,0,0,0,0,0,0,0,0,0,0,0,0,0,0,0,0,0,0,0,0,0,0,0,0,0,0,0,0,0,0,0,0,0,0,0,0,0,0,0,0,0,0,0,0,0,0,0,0,0,0,0,0,0,0,0,0,0,0,0,0,0,0
0,0,0,0,0,0,0,0,0,0,0,0,0,0,0,0,0,0,0,0,0,0,0,0,0,0,0,0,0,0,0,0,0,0,0,0,0,0,0,0,0,0,0,0,0,0,0,0,0,0,0,0,0,0,0,0,0,0,0,0,0,0,0,0,0,0,0,0,0,0,0,0,0,0,0,0,0,0,0,0,0,0,0,0,0,0,0,0,0,0,0,0,0,0,0,0,0,0,0,0,0,0,0,0,0,0,0,0,0,0,0,0,0,0,0,0,0,0,0,0,0,0,0,0,0,0,0,0,0,0,0,0,0,0,0,0,0,0,0,0,0,0,0,0,0,0,0,0,0,0,0,0,0,0,0,0,0,0,0,0,0,0,0,0,0,0,0,0,0,0,0,0,0,0,0,0,0,0,0,0,0,0,0,0,0,0,0,0,0,0,0,0,0,0,0,0,0,0,0,0,0,0,0,0,0,0,0,0,0,0,0,0,0,0,0,0,0,0,0,0,0,0,0,0,0,0,0,0,0,0,0,0,0,0,0,0,0,0,0,75,198,6,0,1,0,0,0,0,4,0,0,0,0,0,0,0,0,0,0,0,0,0,4,0,0,0,17,155,154,176,0,0,2,0,3,0,0,0,0,0,0,0,0,0,0,0,0,0,1,0,0,0,0,94,149,148,191,198,133,0,0,0,0,0,37,180,50,0,0,0,0,0,0,2,3,0,0,0,22,20,156,149,136,196,196,204,207,188,56,9,45,140,189,200,115,0,0,0,1,6,2,0,0,0,17,46,108,188,123,156,192,189,202,207,208,211,230,208,225,197,169,189,180,0,0,0,0,0,0,0,10,70,107,151,142,159,24,0,244,195,207,204,213,210,206,209,193,190,200,193,216,8,0,0,9,36,73,127,151,141,191,167,140,196,187,9,73,255,187,216,211,209,208,206,211,215,198,191,187,76,0,101,121,131,119,156,150,179,178,163,188,196,220,181,0,166,254,201,208,199,200,202,194,186,187,186,188,120,78,186,156,134,127,154,145,163,165,181,192,203,207,200,136,1,230,226,218,223,226,223,216,212,210,196,235,72,30,129,170,189,205,213,201,207,198,202,211,221,230,228,244,110,65,237,191,175,156,146,130,115,95,67,48,0,0,0,0,0,29,51,78,110,113,124,123,115,105,86,60,48,17,17,8,1,1,1,1,1,5,10,14,26,2,15,28,27,19,11,6,0,0,0,0,0,0,0,25,38,59,58,60,64,69,66,66,62,64,61,59,38,0,0,0,0,0,8,20,26,33,35,37,42,48,42,34,42,23,31,32,33,40,41,41,38,38,33,24,2,0,0,0,0,0,0,0,0,0,0,0,0,0,0,0,0,0,0,0,0,0,0,0,0,0,0,0,0,0,0,0,0,0,0,0,0,0,0,0,0,0,0,0,0,0,0,0,0,0,0,0,0,0,0,0,0,0,0,0,0,0,0,0,0,0,0,0,0,0,0,0,0,0,0,0,0,0,0,0,0,0,0,0,0,0,0,0,0,0,0,0,0,0,0,0,0,0,0,0,0,0,0,0,0,0,0,0,0,0,0,0,0,0,0,0,0,0,0,0,0,0,0,0,0,0,0,0,0,0,0,0,0,0,0,0,0,0,0,0,0,0,0,0,0,0,0,0,0,0,0,0,0,0,0,0,0,0,0,0,0,0,0,0,0,0,0,0,0,0,0,0,0,0,0,0,0,0,0,0,0,0,0,0,0,0,0,0,0,0,0,0,0,0,0,0,0
0,0,0,0,0,0,0,0,0,0,0,0,0,0,0,0,0,0,0,0,0,0,0,0,0,0,0,0,0,0,0,0,0,0,0,0,0,0,0,0,0,0,0,0,0,0,0,0,0,0,0,0,0,0,0,0,0,0,0,0,0,0,0,0,0,0,0,0,0,0,0,0,0,0,0,0,0,0,0,0,0,0,0,0,0,0,0,0,0,0,0,0,0,0,0,0,0,0,0,0,0,0,0,0,0,0,0,0,0,0,0,0,0,0,0,0,0,0,0,0,0,0,0,0,0,0,0,0,0,0,0,0,0,0,0,0,0,0,0,0,0,0,0,0,0,0,0,0,0,0,0,0,0,0,0,0,0,0,0,0,0,0,0,0,0,0,0,0,0,0,0,0,0,0,0,0,0,0,0,0,0,0,0,0,0,0,0,0,0,0,0,0,0,0,0,0,0,0,0,0,0,0,0,0,0,0,0,0,0,0,0,0,0,0,0,0,0,0,0,0,0,0,0,0,0,0,0,0,0,0,0,0,2,0,2,1,0,0,0,31,90,0,0,0,1,0,0,0,0,0,0,0,0,0,0,0,0,0,0,0,0,2,0,0,0,128,82,61,210,126,0,0,0,0,1,0,37,42,3,0,0,0,0,0,0,0,0,0,0,0,2,115,165,163,194,177,154,163,170,0,0,0,0,37,79,55,36,0,0,0,0,0,0,0,0,0,0,57,172,172,170,178,161,177,191,190,206,86,0,0,0,37,0,12,41,0,1,0,0,2,4,0,0,0,106,177,145,162,131,170,221,228,206,225,200,195,175,133,127,115,22,93,193,0,1,1,0,0,0,0,0,83,154,160,173,171,222,238,212,162,139,127,135,149,180,208,206,203,196,197,213,36,0,0,0,0,26,66,152,170,172,184,200,209,186,155,158,171,195,201,173,150,157,143,145,179,212,214,225,43,0,78,137,144,167,166,152,168,150,138,153,151,150,167,186,181,175,188,210,195,171,172,208,222,219,215,233,60,58,149,137,136,115,122,145,151,147,153,153,168,171,174,164,175,194,185,188,186,152,196,228,223,224,232,237,63,144,174,167,174,170,157,135,146,153,163,162,152,161,173,181,189,201,217,227,193,213,255,236,229,217,211,197,0,73,163,122,151,185,214,221,225,228,227,225,225,227,231,232,231,203,172,158,128,107,104,78,46,25,2,22,0,0,99,148,89,64,53,53,71,93,95,95,95,82,64,43,24,20,18,25,26,31,40,45,66,88,105,148,86,0,0,0,70,101,131,130,109,91,91,107,112,107,119,110,100,104,111,106,99,88,83,82,80,77,59,6,0,0,0,0,0,0,0,0,0,0,0,0,0,0,0,0,0,0,0,0,0,0,0,0,0,0,0,0,0,0,0,0,0,0,0,0,0,0,0,0,0,0,0,0,0,0,0,0,0,0,0,0,0,0,0,0,0,0,0,0,0,0,0,0,0,0,0,0,0,0,0,0,0,0,0,0,0,0,0,0,0,0,0,0,0,0,0,0,0,0,0,0,0,0,0,0,0,0,0,0,0,0,0,0,0,0,0,0,0,0,0,0,0,0,0,0,0,0,0,0,0,0,0,0,0,0,0,0,0,0,0,0,0,0,0,0,0,0,0,0,0,0,0,0,0,0,0,0,0,0,0,0,0,0,0,0,0,0,0,0,0,0,0,0,0,0,0,0,0,0,0,0,0,0,0,0,0,0,0,0,0,0,0,0,0,0,0,0,0,0,0,0,0,0,0,0,0
0,0,0,0,0,0,0,0,0,0,0,0,0,0,0,0,0,0,0,0,0,0,0,0,0,0,0,0,0,0,0,0,0,0,0,0,0,0,0,0,0,0,0,0,0,0,0,0,0,0,0,0,0,0,0,0,0,0,0,0,0,0,0,0,0,0,0,0,0,0,0,0,0,0,0,0,0,0,0,0,0,0,0,0,0,0,0,0,0,0,0,0,0,0,0,0,0,0,0,0,0,0,0,0,0,0,0,0,0,0,0,0,0,0,0,0,0,0,0,0,0,0,0,0,0,0,0,0,0,0,0,0,0,0,0,0,0,0,0,0,0,0,0,0,0,0,0,0,0,0,0,0,0,0,0,0,0,0,0,0,0,0,0,0,0,0,0,0,0,0,0,0,0,0,0,0,0,0,0,0,0,0,0,0,0,0,0,0,0,0,0,0,0,0,0,0,0,0,0,0,0,0,0,0,0,0,0,0,0,0,0,0,0,0,0,0,0,0,0,0,0,0,0,0,0,0,0,0,0,0,0,0,0,1,1,0,3,1,0,4,0,0,0,2,0,0,0,0,5,1,0,0,0,0,0,0,0,0,0,0,0,0,0,0,4,0,0,0,0,0,106,229,0,0,0,0,0,0,0,0,0,0,0,0,0,0,0,0,0,0,1,0,0,0,0,90,138,223,214,209,167,0,0,0,6,124,0,0,0,0,0,0,0,0,0,0,1,0,0,0,37,122,179,249,214,195,181,213,241,0,0,0,94,179,0,0,0,0,0,2,0,6,0,0,0,0,16,149,236,226,201,195,200,204,155,209,116,0,22,109,251,35,51,0,0,0,1,3,0,0,0,0,67,150,240,221,194,190,204,214,205,195,207,185,206,233,224,179,2,10,22,0,0,0,0,0,0,0,110,214,237,209,196,192,215,215,213,213,207,193,186,199,206,175,0,0,124,230,200,36,0,50,119,158,166,192,204,198,187,202,203,211,214,204,209,210,204,197,191,190,191,229,230,242,214,193,203,137,108,190,199,200,194,199,194,195,199,200,189,187,191,189,197,198,205,200,200,208,213,215,212,213,209,202,216,137,15,55,114,157,188,207,216,220,217,219,221,242,240,243,249,253,255,255,243,232,226,222,221,213,215,198,209,62,16,11,0,0,7,40,76,108,134,142,143,145,143,123,111,92,76,61,45,35,25,25,31,32,32,12,1,0,0,11,25,26,26,22,12,20,15,15,18,17,19,27,30,36,41,49,57,66,79,84,79,83,93,80,75,45,0,0,0,0,0,9,14,17,27,34,39,39,42,44,41,41,43,48,43,30,31,35,40,37,40,37,26,0,0,0,0,0,0,0,0,0,0,0,0,0,0,0,0,0,0,0,0,0,0,0,0,0,0,0,0,0,0,0,0,0,0,0,0,0,0,0,0,0,0,0,0,0,0,0,0,0,0,0,0,0,0,0,0,0,0,0,0,0,0,0,0,0,0,0,0,0,0,0,0,0,0,0,0,0,0,0,0,0,0,0,0,0,0,0,0,0,0,0,0,0,0,0,0,0,0,0,0,0,0,0,0,0,0,0,0,0,0,0,0,0,0,0,0,0,0,0,0,0,0,0,0,0,0,0,0,0,0,0,0,0,0,0,0,0,0,0,0,0,0,0,0,0,0,0,0,0,0,0,0,0,0,0,0,0,0,0,0,0,0,0,0,0,0,0,0,0,0,0,0,0,0,0,0,0,0,0,0,0,0,0,0,0,0,0,0,0,0,0,0,0,0,0,0,0
0,0,0,0,0,0,0,0,0,0,0,0,0,0,0,0,0,0,0,0,0,0,0,0,0,0,0,0,0,0,0,0,0,0,0,0,0,0,0,0,0,0,0,0,0,0,0,0,0,0,0,0,0,0,0,0,0,0,0,0,0,0,0,0,0,0,0,0,0,0,0,0,0,0,0,0,0,0,0,0,0,0,0,0,0,0,0,0,0,0,0,0,0,0,0,0,0,0,0,0,0,0,0,0,0,0,0,0,0,0,0,0,0,0,0,0,0,0,0,0,0,0,0,0,0,0,0,0,0,0,0,0,0,0,0,0,0,0,0,0,0,0,0,0,0,0,0,0,0,0,0,0,0,0,0,0,0,0,0,0,0,0,0,0,0,0,0,0,0,0,0,0,0,0,0,0,0,0,0,0,0,0,0,0,0,0,0,0,0,0,0,0,0,0,0,0,0,0,0,0,0,0,0,0,0,0,0,0,0,0,0,0,0,0,0,0,0,0,0,0,0,0,0,0,0,0,0,0,0,0,0,0,0,0,0,0,0,0,0,0,0,0,0,0,0,0,0,0,0,0,0,0,0,0,0,0,0,0,0,0,0,0,0,0,0,0,0,0,1,61,7,0,1,0,0,0,1,4,3,0,0,0,0,0,0,0,0,0,0,0,1,0,0,0,13,104,135,178,81,0,3,1,2,2,1,0,0,0,0,0,0,0,0,0,0,0,1,0,0,0,0,87,163,174,158,127,174,0,0,0,0,0,0,57,36,0,1,1,0,0,0,1,2,0,0,0,2,52,153,137,137,116,165,170,157,204,61,0,0,55,162,221,221,0,0,0,2,3,2,0,0,0,20,98,130,168,129,181,156,156,241,146,171,174,237,241,234,218,215,208,195,8,2,0,0,0,0,0,17,87,149,149,155,139,176,140,215,255,224,184,162,186,165,182,186,182,177,173,201,63,0,0,7,32,68,110,147,126,128,148,137,129,138,164,154,185,200,225,197,156,190,181,189,180,171,177,186,90,1,99,112,112,117,118,116,111,138,144,119,127,133,157,164,189,204,214,215,192,174,181,189,189,186,190,193,137,45,157,157,159,157,155,155,157,158,177,193,202,208,214,224,204,220,225,225,215,214,204,205,187,184,177,178,116,0,13,17,45,50,61,83,89,82,76,69,72,71,62,57,57,59,54,41,36,17,10,6,0,0,0,0,1,0,3,8,0,0,0,0,0,0,0,2,0,0,1,0,0,0,0,1,5,12,14,20,23,26,30,33,22,0,0,0,0,0,0,0,0,0,0,0,0,0,0,0,0,0,0,0,0,0,0,0,0,0,0,0,0,0,0,0,0,0,0,0,0,0,0,0,0,0,0,0,0,0,0,0,0,0,0,0,0,0,0,0,0,0,0,0,0,0,0,0,0,0,0,0,0,0,0,0,0,0,0,0,0,0,0,0,0,0,0,0,0,0,0,0,0,0,0,0,0,0,0,0,0,0,0,0,0,0,0,0,0,0,0,0,0,0,0,0,0,0,0,0,0,0,0,0,0,0,0,0,0,0,0,0,0,0,0,0,0,0,0,0,0,0,0,0,0,0,0,0,0,0,0,0,0,0,0,0,0,0,0,0,0,0,0,0,0,0,0,0,0,0,0,0,0,0,0,0,0,0,0,0,0,0,0,0,0,0,0,0,0,0,0,0,0,0,0,0,0,0,0,0,0,0,0,0,0,0,0,0,0,0,0,0,0,0,0,0,0,0,0,0,0,0,0,0,0,0,0,0,0

0,0,0,0,0,0,0,0,0,73,64,0,0,0,0,0,0,123,112,0,0,0,0,0,0,0,0,0,0,0,0,0,0,0,0,65,211,221,226,208,178,97,119,198,207,221,221,218,56,0,0,0,0,0,0,0,0,0,0,0,0,0,0,159,229,201,211,229,240,236,230,225,211,209,205,229,145,0,0,0,0,0,0,0,0,0,0,0,0,0,0,173,216,204,211,210,217,218,215,212,212,210,207,221,192,0,0,0,0,0,0,0,0,0,0,0,0,0,0,193,222,196,215,210,205,208,207,210,212,213,205,223,225,0,0,0,0,0,0,0,0,0,0,0,0,0,0,199,230,198,195,215,211,211,210,211,213,201,222,224,204,0,0,0,0,0,0,0,0,0,0,0,0,0,10,213,231,209,198,217,212,212,213,214,217,200,222,225,213,5,0,0,0,0,0,0,0,0,0,0,0,0,33,221,221,163,218,214,212,214,213,216,214,214,187,224,219,32,0,0,0,0,0,0,0,0,0,0,0,0,47,224,219,143,224,210,214,214,212,217,212,218,136,225,223,41,0,0,0,0,0,0,0,0,0,0,0,0,71,227,215,140,232,208,216,215,213,219,214,222,161,225,228,74,0,0,0,0,0,0,0,0,0,0,0,0,127,234,213,145,235,210,213,206,209,218,210,233,161,220,226,100,0,0,0,0,0,0,0,0,0,0,0,0,149,242,227,117,249,215,221,223,218,225,222,231,99,245,246,144,0,0,0,0,0,0,0,0,0,0,0,0,6,40,38,18,248,214,233,238,234,233,218,226,23,64,62,30,0,0,0,0,0,0,0,0,0,0,0,0,0,0,0,119,223,208,212,218,218,217,210,255,91,0,0,0,0,0,0,0,0,0,0,0,0,0,0,0,2,1,0,179,220,212,212,223,224,211,209,223,161,0,2,1,0,0,0,0,0,0,0,0,0,0,0,0,0,0,0,183,218,211,211,223,227,211,210,223,188,0,0,0,0,0,0,0,0,0,0,0,0,0,0,0,1,0,0,181,213,214,212,224,227,211,212,219,190,0,0,2,0,0,0,0,0,0,0,0,0,0,0,0,2,0,2,204,211,215,207,224,228,212,213,213,213,13,0,5,0,0,0,0,0,0,0,0,0,0,0,0,6,0,29,213,210,220,207,225,228,211,215,212,221,65,0,2,0,0,0,0,0,0,0,0,0,0,0,0,6,0,51,215,210,221,210,222,226,213,217,211,223,114,0,1,0,0,0,0,0,0,0,0,0,0,0,0,1,0,75,216,211,221,211,225,234,215,214,213,222,149,0,0,0,0,0,0,0,0,0,0,0,0,0,0,2,0,96,214,211,223,214,216,219,216,216,214,219,181,0,0,0,0,0,0,0,0,0,0,0,0,0,0,1,0,130,210,210,221,212,217,213,222,216,215,214,178,0,0,0,0,0,0,0,0,0,0,0,0,0,0,0,0,146,209,213,223,215,219,225,217,215,216,210,192,0,0,0,0,0,0,0,0,0,0,0,0,0,0,0,0,175,204,214,222,219,214,213,215,219,219,207,204,0,0,0,0,0,0,0,0,0,0,0,0,0,0,0,0,166,197,211,217,214,212,216,218,214,218,206,209,0,0,0,0,0,0,0,0,0,0,0,0,0,0,0,0,192,204,220,239,233,226,222,224,225,223,210,233,45,0,0,0,0,0,0,0,0,0,0,0,0,0,0,0,187,168,171,169,183,196,196,195,191,208,181,144,42,0,0,0,0,0,0,0
0,0,0,0,0,1,0,0,0,65,99,0,0,0,0,0,0,0,106,60,0,0,0,0,0,0,0,0,0,0,0,0,0,1,0,17,190,206,202,145,148,146,148,166,165,189,212,210,202,0,0,0,0,0,0,0,0,0,0,0,0,0,0,160,229,193,189,197,169,182,109,165,156,202,198,196,233,96,0,0,0,0,0,0,0,0,0,0,0,0,2,199,198,213,193,201,207,196,172,211,206,207,200,202,208,217,0,0,0,0,0,0,0,0,0,0,0,0,139,205,200,207,190,192,210,210,208,212,208,197,201,210,206,205,83,0,0,0,0,0,0,0,0,0,0,2,196,220,200,200,190,193,199,222,222,225,199,198,210,212,218,227,189,0,0,0,0,0,0,0,0,0,0,0,0,162,215,199,192,196,195,204,221,200,195,205,208,218,235,170,0,0,0,0,0,0,0,0,0,0,0,0,0,0,172,240,192,204,203,206,203,199,206,215,211,232,114,0,0,0,0,0,0,0,0,0,0,0,0,0,2,0,0,32,235,200,206,208,205,204,208,215,252,10,0,0,0,0,0,0,0,0,0,0,0,0,0,1,0,3,0,12,247,201,208,210,206,208,211,216,255,0,0,0,0,0,0,0,0,0,0,0,0,0,0,0,0,2,0,5,247,205,214,207,208,211,211,220,251,0,0,1,0,0,0,0,0,0,0,0,0,0,0,0,0,1,0,0,241,210,210,207,213,214,211,222,241,0,0,1,0,0,0,0,0,0,0,0,0,0,0,0,1,0,0,0,202,217,206,211,216,219,212,226,226,0,0,1,0,0,0,0,0,0,0,0,0,0,0,1,0,0,0,0,214,213,208,204,223,210,213,216,213,17,0,2,0,0,0,0,0,0,0,0,0,0,0,0,0,2,0,99,218,202,211,205,220,205,215,205,229,152,0,0,0,0,0,0,0,0,0,0,0,0,0,0,0,1,0,165,214,204,211,213,214,211,217,208,219,203,0,0,0,0,0,0,0,0,0,0,0,0,0,0,0,0,0,188,213,208,206,212,218,208,216,204,218,197,0,0,2,0,0,0,0,0,0,0,0,0,0,0,1,0,0,213,210,216,204,214,217,205,217,208,215,212,2,0,2,0,0,0,0,0,0,0,0,0,0,0,2,0,0,225,210,219,201,214,218,205,216,207,214,221,17,0,2,0,0,0,0,0,0,0,0,0,0,0,2,0,0,197,211,215,200,216,219,210,215,208,213,227,35,0,2,0,0,0,0,0,0,0,0,0,0,0,3,0,3,206,210,219,199,215,222,210,215,211,211,228,60,0,2,0,0,0,0,0,0,0,0,0,0,0,2,0,11,208,211,220,200,215,223,211,214,212,210,229,69,0,2,0,0,0,0,0,0,0,0,0,0,0,2,0,7,207,213,218,201,216,222,214,213,213,211,228,61,0,2,0,0,0,0,0,0,0,0,0,0,0,2,0,0,203,215,217,201,216,222,213,213,213,212,228,47,0,3,0,0,0,0,0,0,0,0,0,0,0,2,0,0,196,218,216,201,216,223,214,212,215,214,226,27,0,2,0,0,0,0,0,0,0,0,0,0,0,2,0,0,221,221,212,202,216,222,216,212,213,212,221,17,0,3,0,0,0,0,0,0,0,0,0,0,0,1,0,0,203,227,212,213,228,235,229,226,226,217,225,17,0,2,0,0,0,0,0,0,0,0,0,0,0,0,0,0,176,216,202,184,178,188,184,185,183,199,207,3,0,2,0,0,0,0,0
0,0,0,0,0,0,0,1,0,0,9,23,0,0,0,0,0,0,25,0,0,1,1,0,0,0,0,0,0,0,0,0,0,0,0,2,0,122,194,195,202,203,228,216,196,200,193,180,37,0,4,0,0,0,0,0,0,0,0,0,0,0,4,0,9,193,188,185,191,194,194,192,190,189,179,206,154,0,0,0,0,0,0,0,0,0,0,0,0,0,3,0,51,202,183,186,185,183,181,181,180,180,183,195,193,0,0,0,0,0,0,0,0,0,0,0,0,0,1,0,93,205,185,186,184,183,183,183,182,182,181,192,217,0,0,0,0,0,0,0,0,0,0,0,0,0,0,0,131,207,185,182,186,186,184,184,186,186,186,190,196,22,0,0,0,0,0,0,0,0,0,0,0,0,0,0,159,204,204,205,189,187,186,187,186,185,190,197,205,60,0,0,0,0,0,0,0,0,0,0,0,0,0,0,189,212,175,188,195,186,187,191,188,180,211,217,208,85,0,0,0,0,0,0,0,0,0,0,0,0,0,0,208,225,112,178,202,187,188,196,190,186,194,214,215,140,0,0,0,0,0,0,0,0,0,0,0,0,0,15,204,220,70,200,196,190,194,199,189,201,157,123,231,175,0,0,0,0,0,0,0,0,0,0,0,0,0,155,206,219,44,203,199,190,196,205,189,201,164,84,234,196,2,0,0,0,0,0,0,0,0,0,0,0,116,214,216,246,173,186,200,190,197,213,189,198,173,108,228,225,157,0,0,0,0,0,0,0,0,0,0,0,20,79,152,165,153,207,194,191,198,218,190,190,195,145,241,190,111,0,0,0,0,0,0,0,0,0,0,0,0,0,0,0,122,221,193,190,199,225,190,181,225,47,0,0,0,0,0,0,0,0,0,0,0,0,0,0,4,3,0,0,175,217,196,190,201,232,190,179,225,109,0,0,0,0,0,0,0,0,0,0,0,0,0,0,0,1,0,0,190,203,197,188,203,236,191,181,203,152,0,0,0,0,0,0,0,0,0,0,0,0,0,0,0,2,0,0,211,202,198,186,204,239,191,182,204,173,0,0,0,0,0,0,0,0,0,0,0,0,0,0,0,3,0,0,191,202,198,187,206,242,190,183,203,187,0,0,1,0,0,0,0,0,0,0,0,0,0,0,0,3,0,0,191,204,196,187,207,245,189,185,203,188,0,0,1,0,0,0,0,0,0,0,0,0,0,0,0,2,0,0,214,205,193,186,206,248,187,184,204,170,0,0,0,0,0,0,0,0,0,0,0,0,0,0,0,1,0,0,202,210,191,190,206,249,188,185,206,159,0,0,0,0,0,0,0,0,0,0,0,0,0,0,0,0,0,0,184,213,187,190,204,249,188,184,209,154,0,0,0,0,0,0,0,0,0,0,0,0,0,0,0,0,0,0,160,218,186,190,204,251,191,184,213,138,0,0,0,0,0,0,0,0,0,0,0,0,0,0,0,0,0,0,153,220,186,193,204,251,191,184,217,110,0,1,0,0,0,0,0,0,0,0,0,0,0,0,0,0,0,0,157,221,193,195,204,252,194,191,219,91,0,3,0,0,0,0,0,0,0,0,0,0,0,0,0,0,1,0,151,219,194,191,194,248,199,192,221,96,0,3,0,0,0,0,0,0,0,0,0,0,0,0,0,0,2,0,131,230,211,227,237,255,228,208,231,86,0,6,0,0,0,0,0,0,0,0,0,0,0,0,0,0,1,0,14,145,113,128,90,49,140,123,138,0,0,2,0,0,0,0,0,0
0,0,0,0,0,0,0,0,0,0,0,76,249,237,244,251,255,80,0,0,0,0,0,0,0,0,0,0,0,0,0,0,0,0,0,0,68,178,200,206,218,228,232,251,209,200,225,200,110,0,0,0,0,0,0,0,0,0,0,0,0,0,0,0,124,214,185,167,188,169,174,165,172,176,183,207,59,0,0,0,0,0,0,0,0,0,0,0,0,0,0,0,43,190,179,190,146,144,155,127,162,186,181,176,0,0,0,0,0,0,0,0,0,0,0,0,0,0,0,0,54,213,176,171,183,192,188,192,179,176,181,193,0,0,0,0,0,0,0,0,0,0,0,0,0,0,0,0,71,220,176,183,178,172,171,169,172,174,181,186,0,0,0,0,0,0,0,0,0,0,0,0,0,0,0,0,113,207,176,188,185,183,178,181,181,178,176,214,10,0,0,0,0,0,0,0,0,0,0,0,0,0,0,0,167,197,186,186,185,183,183,183,181,186,181,220,96,0,0,0,0,0,0,0,0,0,0,0,0,0,0,0,176,183,176,179,178,176,179,178,176,172,172,192,120,0,0,0,0,0,0,0,0,0,0,0,0,0,0,0,155,188,176,179,178,178,176,174,178,183,178,207,117,0,0,0,0,0,0,0,0,0,0,0,0,0,0,0,85,232,181,181,179,178,176,176,185,183,185,221,76,0,0,0,0,0,0,0,0,0,0,0,0,0,0,0,43,221,183,179,178,174,174,178,181,190,192,227,52,0,0,0,0,0,0,0,0,0,0,0,0,0,0,0,0,220,186,176,178,179,185,186,185,185,181,221,6,0,0,0,0,0,0,0,0,0,0,0,0,0,0,0,0,206,186,176,178,176,179,181,176,181,183,211,0,0,0,0,0,0,0,0,0,0,0,0,0,0,0,0,0,176,195,186,176,171,183,183,176,183,183,206,0,0,0,0,0,0,0,0,0,0,0,0,0,0,0,0,0,171,193,178,172,181,185,183,178,176,181,197,0,0,0,0,0,0,0,0,0,0,0,0,0,0,0,0,0,162,195,181,178,178,174,178,179,183,186,193,0,0,0,0,0,0,0,0,0,0,0,0,0,0,0,0,0,155,192,179,183,178,178,178,176,179,179,200,0,0,0,0,0,0,0,0,0,0,0,0,0,0,0,0,0,167,192,179,185,172,169,179,181,178,186,199,0,0,0,0,0,0,0,0,0,0,0,0,0,0,0,0,0,172,192,181,186,178,174,183,181,185,183,213,3,0,0,0,0,0,0,0,0,0,0,0,0,0,0,0,0,176,188,179,181,183,174,171,174,178,178,213,3,0,0,0,0,0,0,0,0,0,0,0,0,0,0,0,0,181,195,183,183,185,183,181,183,179,181,218,1,0,0,0,0,0,0,0,0,0,0,0,0,0,0,0,0,193,193,176,179,183,188,188,188,183,183,221,12,0,0,0,0,0,0,0,0,0,0,0,0,0,0,0,1,204,188,186,186,179,183,183,181,183,185,221,33,0,0,0,0,0,0,0,0,0,0,0,0,0,0,0,12,185,183,181,192,188,183,183,181,190,183,223,43,0,0,0,0,0,0,0,0,0,0,0,0,0,0,0,6,186,183,181,185,183,172,172,179,186,179,190,55,0,0,0,0,0,0,0,0,0,0,0,0,0,0,0,41,199,183,193,200,197,195,197,204,199,181,242,94,0,0,0,0,0,0,0,0,0,0,0,0,0,0,0,13,103,87,103,129,148,143,127,117,141,134,144,26,0,0,0,0,0,0,0
0,0,0,0,0,1,0,0,0,54,144,0,0,0,0,0,0,121,80,0,0,0,0,0,0,0,0,0,0,0,0,0,0,0,0,122,201,234,242,217,167,113,101,142,220,242,236,202,108,0,0,0,0,0,0,0,0,0,0,0,0,0,134,255,229,222,222,242,255,255,255,255,253,224,222,232,253,170,0,0,0,0,0,0,0,0,0,0,0,0,211,234,223,224,224,225,237,243,244,243,225,224,225,222,228,225,0,0,0,0,0,0,0,0,0,0,0,7,237,234,227,225,224,219,223,249,255,230,217,222,224,226,227,241,25,0,0,0,0,0,0,0,0,0,0,63,249,233,229,227,222,223,215,231,236,212,221,222,226,229,229,245,77,0,0,0,0,0,0,0,0,0,0,164,246,230,233,225,223,222,225,220,219,222,226,220,224,231,227,242,155,0,0,0,0,0,0,0,0,0,0,180,252,250,242,233,228,227,226,228,233,226,225,229,228,236,237,251,194,0,0,0,0,0,0,0,0,0,0,0,65,208,240,235,230,228,232,229,234,230,226,232,229,239,251,110,0,0,0,0,0,0,0,0,0,0,0,0,0,0,227,244,230,228,233,228,239,232,225,233,230,243,0,0,0,0,0,0,0,0,0,0,0,0,0,0,0,0,219,247,230,228,232,229,241,232,225,234,230,244,17,0,4,0,0,0,0,0,0,0,0,0,0,0,0,0,209,247,230,228,232,230,243,235,226,234,230,245,33,0,3,0,0,0,0,0,0,0,0,0,0,0,0,0,188,250,229,229,232,231,245,236,226,234,231,244,50,0,6,0,0,0,0,0,0,0,0,0,0,0,0,0,182,249,229,230,233,231,246,237,226,234,231,244,65,0,6,0,0,0,0,0,0,0,0,0,0,0,0,0,182,249,229,231,234,232,246,238,227,234,230,246,77,0,3,0,0,0,0,0,0,0,0,0,0,0,0,0,193,248,229,231,235,233,246,240,226,233,230,247,95,0,2,0,0,0,0,0,0,0,0,0,0,0,0,0,204,247,229,232,236,234,245,242,225,233,230,248,113,0,2,0,0,0,0,0,0,0,0,0,0,0,0,0,188,246,230,231,238,235,247,243,226,233,230,249,128,0,3,0,0,0,0,0,0,0,0,0,0,1,0,0,200,244,230,232,239,237,245,243,226,232,230,250,139,0,3,0,0,0,0,0,0,0,0,0,0,1,0,0,204,241,231,232,241,239,245,242,225,232,230,249,148,0,2,0,0,0,0,0,0,0,0,0,0,1,0,0,208,237,230,231,241,241,247,241,226,231,230,249,166,0,0,0,0,0,0,0,0,0,0,0,0,2,0,0,211,237,231,231,242,244,249,245,227,232,229,247,184,0,0,0,0,0,0,0,0,0,0,0,0,1,0,0,203,235,228,228,235,240,244,240,224,226,227,243,192,0,0,0,0,0,0,0,0,0,0,0,0,0,3,0,188,246,233,236,239,237,237,239,242,240,236,255,116,0,7,0,0,0,0,0,0,0,0,0,0,0,6,0,106,255,238,240,245,248,251,249,248,244,249,240,0,0,3,0,0,0,0,0,0,0,0,0,0,0,2,0,0,175,255,240,239,244,243,244,243,245,255,116,0,5,0,0,0,0,0,0,0,0,0,0,0,0,0,3,0,0,180,239,251,255,255,255,255,241,134,0,0,1,0,0,0,0,0,0,0,0,0,0,0,0,0,0,3,0,0,2,89,141,156,140,112,4,0,0,0,0,0,0,0,0,0,0

0,0,0,0,0,0,0,0,39,90,135,200,132,60,64,83,183,195,97,29,0,0,0,0,0,0,0,0,0,0,0,0,0,35,125,185,200,191,159,176,233,237,255,240,212,164,173,201,191,128,10,0,0,0,0,0,0,0,0,0,29,172,171,159,150,145,155,132,128,149,152,138,129,143,151,147,156,171,169,40,0,0,0,0,0,0,0,0,158,164,151,152,151,151,150,143,142,136,135,145,150,152,150,155,155,151,164,142,0,0,0,0,0,0,0,31,164,153,161,154,150,149,151,169,172,171,168,175,155,144,150,149,150,156,159,175,51,0,0,0,0,0,0,95,173,162,157,153,149,149,174,115,36,12,23,55,146,170,150,148,145,154,166,179,106,0,0,0,0,0,0,151,170,174,173,171,151,175,93,21,108,144,139,69,9,124,174,143,150,162,172,180,156,0,0,0,0,0,0,179,162,180,180,148,171,126,0,129,142,179,167,213,133,5,147,157,138,177,185,177,179,0,0,0,0,0,22,163,167,173,198,165,190,28,34,142,181,177,145,140,210,0,103,181,147,208,198,165,175,44,0,0,0,0,82,176,171,175,212,178,202,37,21,116,63,71,68,63,94,0,129,176,168,229,191,163,179,82,0,0,0,0,60,163,174,212,186,124,210,47,20,190,147,152,165,212,169,0,171,176,98,208,215,170,174,104,0,0,0,0,0,0,0,49,13,101,185,157,52,150,208,198,193,170,63,90,183,171,112,0,45,0,0,0,0,0,0,0,1,0,0,0,0,139,155,159,138,49,21,118,97,55,85,169,163,158,136,0,0,0,0,0,0,0,0,0,0,0,1,4,0,111,160,147,183,166,101,112,100,144,180,162,158,161,130,0,0,2,2,2,0,0,0,0,0,0,0,1,0,90,153,154,155,168,186,185,186,174,160,158,156,162,130,0,0,0,1,0,0,0,0,0,0,0,0,1,0,85,156,158,159,156,156,158,158,155,157,162,152,165,132,0,0,1,0,0,0,0,0,0,0,0,0,1,0,78,162,159,158,162,164,162,164,162,158,162,155,165,148,0,0,1,0,0,0,0,0,0,0,0,0,1,0,84,164,157,159,165,165,161,164,163,157,160,161,162,161,0,0,1,0,0,0,0,0,0,0,0,0,1,0,95,167,155,158,161,163,161,168,166,158,162,163,162,158,0,0,1,0,0,0,0,0,0,0,0,0,2,0,99,169,155,160,162,164,163,168,163,161,162,157,163,161,0,0,2,0,0,0,0,0,0,0,0,0,2,0,99,170,154,159,160,162,164,167,161,162,159,154,162,169,0,0,2,0,0,0,0,0,0,0,0,0,1,0,94,167,155,160,162,164,161,168,164,158,159,164,158,174,0,0,2,0,0,0,0,0,0,0,0,0,2,0,96,169,156,159,162,163,162,168,171,163,159,163,155,176,0,0,2,0,0,0,0,0,0,0,0,0,2,0,99,167,157,165,164,163,165,168,169,164,161,162,155,175,0,0,2,0,0,0,0,0,0,0,0,0,2,0,103,168,158,166,163,161,160,168,170,155,163,166,156,173,0,0,3,0,0,0,0,0,0,0,0,0,1,0,109,169,157,163,164,164,172,172,166,161,165,163,155,169,0,0,2,0,0,0,0,0,0,0,0,0,3,0,126,177,163,174,178,184,185,175,169,172,176,173,158,173,0,0,2,0,0,0,0,0,0,0,0,0,0,0,88,152,138,138,136,135,138,141,143,143,145,144,149,186,0,0,2,0,0,0,0
0,1,1,0,2,1,0,0,0,2,121,204,164,143,149,177,206,113,0,0,0,0,1,0,0,0,0,0,0,0,0,1,0,0,0,30,155,229,225,225,238,166,166,219,175,205,216,132,27,0,0,0,2,0,0,0,0,1,2,0,0,90,204,208,210,198,189,194,202,193,194,191,185,189,186,198,196,173,62,0,0,3,0,0,0,2,0,0,156,216,203,194,197,204,205,197,196,197,197,186,190,184,184,186,189,196,189,131,0,0,0,0,0,1,0,45,220,191,199,202,200,197,197,199,195,190,191,192,186,186,191,195,186,166,168,175,31,0,0,0,0,2,0,185,213,201,198,199,201,199,197,198,195,192,193,191,186,186,183,175,173,162,175,183,129,0,0,0,0,0,17,213,200,219,202,198,200,199,197,200,197,192,193,191,187,182,181,184,172,165,198,167,201,27,0,0,0,0,129,220,196,215,219,197,199,198,199,199,192,194,192,191,189,189,185,177,150,170,197,163,179,128,0,0,0,0,179,213,198,210,240,211,203,198,197,193,185,188,187,190,183,179,188,162,128,213,194,168,164,173,11,0,0,100,220,199,195,207,238,225,204,198,192,178,184,172,173,179,165,175,168,148,154,215,182,174,179,183,81,0,0,26,152,208,215,209,238,234,200,201,194,173,193,167,167,179,168,179,157,170,117,212,220,170,121,16,0,0,0,0,0,13,131,255,109,149,229,203,192,174,199,176,181,183,184,187,149,183,108,24,159,7,0,0,0,0,0,0,2,0,0,10,0,174,220,209,185,176,198,181,189,173,188,187,142,185,140,0,0,0,0,4,0,0,0,0,2,4,0,0,0,151,211,208,183,176,196,182,183,169,192,191,141,189,138,0,2,2,2,0,0,0,0,0,0,0,0,6,0,131,216,210,182,177,192,188,182,165,199,193,141,181,146,0,1,1,1,1,0,0,0,1,0,0,0,3,0,125,221,213,180,178,191,192,182,165,207,193,145,169,155,0,0,1,1,0,0,0,0,0,0,0,0,1,0,119,227,211,173,184,200,192,180,166,210,195,151,164,156,0,0,0,0,0,0,0,0,0,0,0,0,1,0,116,225,206,174,179,200,198,177,167,211,197,150,167,161,0,0,0,0,0,0,0,0,0,0,0,0,1,0,113,225,208,176,179,195,197,180,169,217,194,147,168,164,0,0,0,0,0,0,0,0,0,0,0,0,3,0,112,226,206,172,186,198,194,185,170,225,186,145,167,165,0,0,1,0,0,0,0,0,0,0,0,0,1,0,108,227,203,173,189,200,194,184,176,228,178,146,165,159,0,0,1,0,0,0,0,0,0,0,0,0,1,0,108,226,203,175,188,199,195,185,178,229,174,147,162,158,0,0,1,1,0,0,0,0,0,0,0,0,1,0,108,225,204,177,186,198,196,188,182,232,174,149,159,175,0,0,2,1,0,0,0,0,0,0,0,0,1,0,107,223,205,179,185,196,197,189,185,233,174,154,159,163,0,0,1,1,0,0,0,0,0,0,0,0,6,0,99,223,206,185,180,194,195,194,184,234,175,152,164,153,0,0,1,1,0,0,0,0,0,0,0,0,4,0,90,220,206,179,167,191,192,187,181,234,170,146,156,155,0,1,1,0,1,0,0,0,0,0,0,2,3,0,104,235,221,213,196,214,222,215,205,237,200,164,183,179,0,0,1,1,0,0,0,0,0,0,0,0,2,0,23,142,151,143,129,127,147,162,147,181,159,122,121,97,0,0,1,1,0,0,0
0,0,0,0,0,0,0,0,0,120,230,155,64,38,57,92,193,220,120,21,0,0,0,0,0,0,0,0,0,0,0,0,0,0,50,167,242,212,208,232,255,252,249,248,226,205,221,251,193,74,0,0,1,0,0,0,0,0,0,0,25,177,216,217,202,201,194,207,224,206,209,226,219,188,187,187,202,211,173,16,0,0,0,0,0,0,0,0,188,219,198,198,195,198,205,195,203,218,224,197,177,184,184,186,187,180,209,157,0,0,0,0,0,0,0,69,224,199,201,198,199,201,200,195,188,187,183,179,187,186,186,188,187,187,197,203,16,0,0,0,0,0,0,160,234,197,206,199,192,193,195,192,191,194,194,190,188,191,191,185,182,181,198,211,80,0,0,0,0,0,0,225,214,210,203,201,200,195,194,195,192,192,194,190,181,177,178,178,180,184,201,206,147,0,0,0,0,0,6,220,197,207,232,204,199,200,192,193,188,188,190,193,183,178,178,178,175,199,205,197,207,0,0,0,0,0,121,242,196,194,232,220,208,195,195,193,190,190,188,194,186,179,179,184,170,198,207,186,195,59,0,0,0,0,114,180,206,214,239,224,220,207,198,195,195,189,193,197,189,179,175,179,172,233,228,205,207,140,0,0,0,0,0,0,11,150,179,216,224,213,195,193,193,189,195,192,194,181,183,187,170,208,202,87,20,0,0,0,0,0,0,0,0,0,0,247,223,217,196,194,194,191,192,187,195,183,190,195,177,0,0,0,0,0,0,0,0,0,0,0,2,0,0,237,226,217,193,195,195,191,188,189,191,191,182,189,163,0,0,2,1,0,0,0,0,0,0,0,1,0,0,224,230,217,192,197,195,194,191,189,185,199,178,192,151,0,0,0,0,0,0,0,0,0,0,0,0,0,0,183,234,217,191,199,193,195,191,193,183,196,183,194,165,0,0,0,0,0,0,0,0,0,0,0,0,0,0,181,235,215,192,199,196,196,196,195,187,185,186,190,168,0,0,0,0,0,0,0,0,0,0,0,1,0,0,183,234,210,198,200,202,197,203,194,191,189,190,185,170,0,0,0,0,0,0,0,0,0,0,0,1,0,0,213,233,208,196,202,199,193,199,197,190,182,190,191,172,0,0,0,0,0,0,0,0,0,0,0,1,0,0,211,231,208,197,202,203,200,198,198,197,188,188,194,163,0,0,0,0,0,0,0,0,0,0,0,1,0,0,182,230,210,199,200,207,202,196,196,200,192,188,199,161,0,0,0,0,0,0,0,0,0,0,1,1,0,0,187,230,209,202,202,209,201,199,197,199,192,191,200,154,0,0,0,0,0,0,0,0,0,0,0,1,0,0,192,231,208,203,202,207,205,204,199,198,195,193,200,150,0,0,0,0,0,0,0,0,0,0,0,1,0,0,197,231,204,205,202,205,204,205,203,200,194,195,202,148,0,0,0,0,0,0,0,0,0,0,0,1,0,0,198,229,206,206,204,205,204,207,206,210,196,196,204,153,0,0,0,0,0,0,0,0,0,0,0,2,0,0,200,225,209,207,207,209,204,204,202,205,206,195,204,154,0,0,0,0,0,0,0,0,0,0,0,2,0,0,201,223,207,206,205,207,201,199,207,199,208,200,203,163,0,0,0,0,0,0,0,0,0,0,0,2,0,0,209,225,206,210,209,212,210,199,198,217,212,200,204,179,0,0,1,0,0,0,0,0,0,0,0,2,0,0,183,207,209,208,203,204,202,197,181,180,195,197,203,149,0,0,0,0,0,0,0
0,0,0,0,0,1,0,2,4,0,3,166,140,128,124,135,151,0,0,3,0,1,1,0,0,0,0,0,0,0,0,0,0,2,3,0,0,0,49,247,241,237,246,253,211,41,0,0,0,5,2,0,0,0,0,0,0,0,0,1,1,0,0,0,55,119,179,157,215,255,243,202,166,190,111,62,0,0,0,2,0,0,0,0,0,0,0,2,0,0,125,158,175,200,166,206,189,160,195,196,147,172,189,172,157,106,0,0,1,0,0,0,0,0,0,0,0,133,175,153,149,141,146,171,168,138,141,167,164,146,145,148,156,177,129,0,0,0,0,0,0,0,0,0,34,166,148,145,151,148,149,135,158,148,139,144,143,149,149,154,151,153,167,36,0,0,0,0,0,0,0,0,96,164,151,154,149,149,150,146,153,158,146,153,149,148,149,156,157,154,166,103,0,0,0,0,0,0,0,0,131,172,168,149,149,149,147,146,149,140,138,150,144,151,149,146,146,144,171,146,0,0,0,0,0,0,0,0,174,170,188,158,146,148,147,146,148,157,150,147,153,147,153,151,168,172,175,184,0,0,0,0,0,0,0,25,164,162,197,176,144,151,148,148,149,155,154,148,154,150,145,165,194,177,166,161,23,0,0,0,0,0,0,120,182,174,218,184,148,165,154,153,151,150,149,150,159,155,165,145,190,200,174,177,82,0,0,0,0,0,0,95,137,131,179,95,162,155,154,153,151,150,151,153,158,155,176,149,74,170,129,147,74,0,0,0,0,0,0,0,0,0,0,21,189,153,153,153,151,149,151,151,153,159,159,171,0,0,0,0,0,0,0,0,0,0,0,3,1,1,0,15,182,154,153,154,151,150,153,154,155,157,154,174,0,0,1,3,2,0,0,0,0,0,0,0,0,2,0,4,182,150,153,154,151,151,151,153,156,157,155,171,0,0,1,0,0,0,0,0,0,0,0,0,0,3,0,0,174,148,155,150,153,153,153,154,157,154,154,168,0,0,2,0,0,0,0,0,0,0,0,0,0,2,0,0,165,149,156,149,153,154,154,155,159,162,153,169,0,0,2,0,0,0,0,0,0,0,0,0,0,2,0,0,156,149,154,148,151,153,154,156,157,158,160,170,0,0,2,0,0,0,0,0,0,0,0,0,0,2,0,0,157,151,151,149,153,151,151,154,155,158,158,167,0,0,2,0,0,0,0,0,0,0,0,0,0,2,0,0,161,153,148,149,154,151,151,155,156,157,156,164,0,0,2,0,0,0,0,0,0,0,0,0,0,2,0,0,166,148,149,150,155,153,153,156,156,156,158,162,0,0,2,0,0,0,0,0,0,0,0,0,0,1,0,7,169,148,156,153,156,154,154,157,158,156,157,166,0,0,2,0,0,0,0,0,0,0,0,0,0,2,0,9,174,156,153,153,156,155,155,156,157,155,158,175,0,0,2,0,0,0,0,0,0,0,0,0,0,4,0,25,155,153,154,154,156,156,155,155,155,151,153,171,2,0,2,0,0,0,0,0,0,0,0,0,0,4,0,43,158,148,151,153,154,156,156,155,154,150,151,172,11,0,2,0,0,0,0,0,0,0,0,0,0,5,0,49,159,148,149,149,150,150,149,148,148,144,148,166,6,0,3,0,0,0,0,0,0,0,0,0,0,4,0,56,167,151,166,166,167,167,167,166,166,167,157,186,22,0,3,0,0,0,0,0,0,0,0,0,1,3,0,26,146,115,118,119,119,119,118,118,116,116,117,136,16,0,2,0,0,0,0,0
0,0,0,0,0,1,0,0,0,0,41,188,103,54,48,43,87,168,133,16,0,0,0,0,0,0,0,0,0,0,0,1,0,0,0,49,136,219,216,228,236,255,255,255,255,217,215,254,231,160,45,0,0,0,0,0,0,0,0,0,0,14,176,222,224,212,203,198,196,200,215,204,202,201,201,201,209,218,224,164,0,0,0,0,0,0,0,0,0,188,219,200,198,202,198,199,199,201,196,198,198,200,200,200,200,201,200,225,41,0,0,0,0,0,0,0,51,219,199,203,203,212,238,248,250,245,249,246,247,252,248,235,207,203,203,222,140,0,0,0,0,0,0,0,116,226,206,204,207,204,101,75,47,73,48,50,45,51,63,113,222,202,206,220,224,0,0,0,0,0,0,0,200,222,209,203,215,200,0,70,98,0,103,59,68,71,49,0,219,206,214,210,250,38,0,0,0,0,0,0,247,218,212,210,215,214,0,254,243,139,255,174,251,255,205,0,215,217,214,208,220,95,0,0,0,0,0,45,226,214,214,215,224,205,0,42,35,60,16,17,12,13,70,0,189,216,212,206,212,156,0,0,0,0,0,164,235,214,211,220,216,201,52,71,89,94,83,78,70,76,92,87,206,207,222,213,219,208,0,0,0,0,0,106,187,223,237,248,211,198,252,250,248,245,248,252,253,250,252,239,201,212,225,215,193,113,0,0,0,0,0,0,0,17,54,159,222,193,208,192,197,200,200,200,200,201,203,195,210,165,0,0,0,0,0,0,0,0,0,0,0,0,0,47,225,192,214,203,206,204,204,205,206,204,212,197,218,107,0,0,0,0,0,0,0,0,0,0,1,6,0,46,212,195,212,202,206,205,204,205,206,204,212,200,218,91,0,3,1,0,0,0,0,0,0,0,0,1,0,11,197,199,205,202,205,206,204,205,207,204,205,205,218,77,0,5,0,0,0,0,0,0,0,0,0,3,0,2,191,198,201,205,206,205,205,206,209,206,199,209,219,74,0,5,0,0,0,0,0,0,0,0,0,2,0,0,188,197,200,207,207,204,207,207,210,208,198,207,221,72,0,4,0,0,0,0,0,0,0,0,0,2,0,0,215,198,203,206,208,205,207,207,210,208,200,202,222,75,0,4,0,0,0,0,0,0,0,0,0,1,0,0,212,198,209,206,209,206,208,207,211,206,205,198,221,80,0,3,0,0,0,0,0,0,0,0,0,1,0,0,204,201,205,208,207,205,211,205,210,210,209,195,221,96,0,3,0,0,0,0,0,0,0,0,0,1,0,0,202,201,205,209,207,205,213,206,210,209,210,194,217,105,0,2,0,0,0,0,0,0,0,0,0,1,0,0,204,204,205,208,207,205,215,207,210,208,211,193,213,115,0,2,0,0,0,0,0,0,0,0,0,0,0,0,204,207,207,208,206,206,215,210,210,207,212,195,210,118,0,2,0,0,0,0,0,0,0,0,0,1,0,0,198,208,208,208,204,207,212,212,210,207,211,196,207,121,0,1,0,0,0,0,0,0,0,0,0,1,0,0,198,210,207,208,206,209,213,212,211,207,210,197,207,124,0,1,0,0,0,0,0,0,0,0,0,0,0,0,172,210,203,201,199,204,207,205,204,201,205,197,206,127,0,0,0,0,0,0,0,0,0,0,0,0,0,0,188,221,214,234,236,238,244,244,244,240,243,214,224,162,0,2,0,0,0,0,0,0,0,0,0,1,0,0,139,146,130,135,135,137,125,124,125,121,119,114,130,76,0,0,0,0,0,0

